1,'1001','hello " ,"2020-05-01T22:27:30.457",<python >
2,'1002','Vishal world" ,"2019-05-23T07:50:30.457",<python,learrning>
3,'1003','kelly world" ,"2016-05-23T20:57:30.457",<pandas file>
4,'1004','sara world" ,"2017-05-23T01:00:30.457",<import learrning>
5,'1005','apolo world" ,"2018-05-23T13:57:30.457",<python learrning>
1,'101','hello world" ,"2014-05-23T22:57:30.457",<python learrning>
2,'101','Vishal world" ,"2015-05-23T07:57:30.457",<python learrning>
3,'101','kelly world" ,"2016-05-23T20:57:30.457",<python learrning>
4,'101','sara world" ,"2017-05-23T01:00:30.457",<python learrning>
5,'101','apolo world" ,"2018-05-23T13:57:30.457",<python learrning>
